{"cameraMode":{"drawMode":0,"name":"Shaded","section":"Shading Mode"},"sceneLighting":false,"audioPlay":false,"sceneViewState":{"m_AlwaysRefresh":false,"showFog":true,"showSkybox":false,"showFlares":true,"showImageEffects":true,"showParticleSystems":true,"showVisualEffectGraphs":true,"m_FxEnabled":true},"in2DMode":false,"pivot":{"x":19.43642807006836,"y":1.7489681243896485,"z":6.4746599197387699},"rotation":{"x":0.011402039788663388,"y":0.6106835603713989,"z":-0.008794369176030159,"w":0.7917435169219971},"size":8.66025447845459,"orthographic":false}